               epoch,      train/box_loss,      train/obj_loss,      train/cls_loss,   metrics/precision,      metrics/recall,     metrics/mAP_0.5,metrics/mAP_0.5:0.95,        val/box_loss,        val/obj_loss,        val/cls_loss,               x/lr0,               x/lr1,               x/lr2
                   0,            0.096594,            0.018419,            0.091962,           0.0047736,             0.48283,            0.012834,           0.0045642,            0.061174,            0.011313,             0.08927,            0.070181,           0.0033133,           0.0033133
                   1,            0.059809,            0.011468,             0.08551,             0.59631,            0.056095,            0.021834,           0.0094892,            0.052951,           0.0083076,            0.085061,            0.040115,           0.0065808,           0.0065808
                   2,            0.056159,           0.0098154,            0.083529,             0.57539,            0.074736,            0.032889,            0.014501,            0.050663,           0.0072697,            0.083189,           0.0099831,           0.0097823,           0.0097823
                   3,            0.052985,           0.0080382,            0.080963,             0.51749,            0.085983,             0.05403,            0.027854,            0.045067,           0.0060739,            0.080123,            0.009703,            0.009703,            0.009703
                   4,            0.049407,           0.0072194,            0.077927,             0.69442,            0.096724,            0.077782,            0.039674,            0.041607,            0.005625,            0.076748,            0.009703,            0.009703,            0.009703
